"Status","Start Time","Stop Time","Duration in ms","Parent Suite","Suite","Sub Suite","Test Class","Test Method","Name","Description"
"passed","Sun Sep 08 17:17:25 CST 2024","Sun Sep 08 17:17:25 CST 2024","283","testcase","test_material","TestMaterial","","","test_addMaterial[args_name1]",""
"passed","Sun Sep 08 17:17:27 CST 2024","Sun Sep 08 17:17:27 CST 2024","364","testcase","test_plan","TestPlan","","","test_addPlan",""
"passed","Sun Sep 08 17:17:28 CST 2024","Sun Sep 08 17:17:28 CST 2024","344","testcase","test_plan","TestPlan","","","test_editPlan",""
"passed","Sun Sep 08 17:17:26 CST 2024","Sun Sep 08 17:17:27 CST 2024","282","testcase","test_material","TestMaterial","","","test_deleteMaterial",""
"passed","Sun Sep 08 17:17:28 CST 2024","Sun Sep 08 17:17:29 CST 2024","322","testcase","test_plan","TestPlan","","","test_planLog",""
"passed","Sun Sep 08 17:17:27 CST 2024","Sun Sep 08 17:17:28 CST 2024","458","testcase","test_plan","TestPlan","","","test_searchPlan",""
"passed","Sun Sep 08 17:17:28 CST 2024","Sun Sep 08 17:17:28 CST 2024","313","testcase","test_plan","TestPlan","","","test_planInfo",""
"passed","Sun Sep 08 17:17:29 CST 2024","Sun Sep 08 17:17:29 CST 2024","286","testcase","test_plan","TestPlan","","","test_deletePlan",""
"passed","Sun Sep 08 17:17:25 CST 2024","Sun Sep 08 17:17:25 CST 2024","332","testcase","test_material","TestMaterial","","","test_addMaterial[args_name0]",""
"passed","Sun Sep 08 17:17:26 CST 2024","Sun Sep 08 17:17:26 CST 2024","345","testcase","test_material","TestMaterial","","","test_auditMaterial",""
"passed","Sun Sep 08 17:17:25 CST 2024","Sun Sep 08 17:17:26 CST 2024","325","testcase","test_material","TestMaterial","","","test_searchMaterial",""
"passed","Sun Sep 08 17:17:26 CST 2024","Sun Sep 08 17:17:26 CST 2024","310","testcase","test_material","TestMaterial","","","test_editMaterial",""
